{
	"int":	{
		"AWS_REGION": "eu-west-1",
		"TERRAFORM_VERSION": ">= 1.0",
		"NODEJS_VERSION": "14",
		"VAR_FILE_NAME": "backoffice-finance--sla3--ews--infra-8015-infra.tfvars"
	},
	"pre": {
		"AWS_REGION": "eu-west-1",		
		"TERRAFORM_VERSION": ">= 1.0",
		"NODEJS_VERSION": "14",
		"VAR_FILE_NAME": "backoffice-finance--sla3--ews--infra-8015-infra.tfvars"
	},
	"prod": {
		"AWS_REGION": "eu-west-1",		
		"TERRAFORM_VERSION": ">= 1.0",
		"NODEJS_VERSION": "14",
		"VAR_FILE_NAME": "backoffice-finance--sla3--ews--infra-8015-infra.tfvars"
	}
}